<?xml version="1.0" encoding="UTF-8"?>
<!DOCTYPE mapper PUBLIC "-//mybatis.org//DTD mapper 3.0//EN"
	"http://mybatis.org/dtd/mybatis-3-mapper.dtd">

<mapper namespace="mapper.auction">

	<select id="getAuctionsWithPersonInfo" parameterType="map"
		resultType="map">
		SELECT
		a.auctionNum,
		a.title,
		a.minSalary,
		a.maxSalary,
		p.personImage,
		p.nickName
		FROM auction a
		JOIN person p ON a.id = p.id
		LIMIT #{pageSize} OFFSET #{offset}
	</select>

	<resultMap id="auctionPersonMap" type="map">
		<result column="auctionNum" property="auctionNum" />
		<result column="title" property="title" />
		<result column="minSalary" property="minSalary" />
		<result column="maxSalary" property="maxSalary" />
		<result column="personImage" property="personImage" />
		<result column="nickName" property="nickName" />
		<!-- 필요한 추가 컬럼 매핑 -->
	</resultMap>



	<!--경매등록식별자로 경매등록내용 조회 -->
	<select id="selectOneAuction" parameterType="Integer"
		resultType="auction">
	<![CDATA[
		SELECT * FROM auction WHERE auctionNum = #{auctionNum};
	]]>
	</select>

</mapper>
