<?xml version="1.0" encoding="UTF-8"?>
<!DOCTYPE mapper PUBLIC "-//mybatis.org//DTD Mapper 3.0//EN" "http://mybatis.org/dtd/mybatis-3-mapper.dtd">

<mapper namespace="mapper.CompanyMapper">

	<insert id="insertCompany" parameterType="company">
		INSERT INTO company
		(id, companyName, email, password, address, companyNum,
		status,
		companyImage)
		VALUES (#{id}, #{companyName}, #{email}, #{password},
		#{address},
		#{companyNum}, #{status}, #{companyImage});
	</insert>

	<!-- ID 중복 확인 쿼리 -->
	<select id="isIdExists" parameterType="String"
		resultType="Integer">
		SELECT COUNT(*) FROM company WHERE id = #{id}
	</select>
	
	
		<!-- 이메일로 기업 여러개 조회 -->
	<select id="findCompanyListByEmail" parameterType="String" resultType="company">
		select id,name,email from company
		where email=#{email}
	</select>
	
	<!-- 아이디와 이메일로 회원 비밀번호 조회 -->
	<select id="findPasswordByIdAndEmail" parameterType="map" resultType="String">
		select password from person
		where id=#{id} and email=#{email}
	</select>
	
	<select id="selectOneCompany" parameterType="String" resultType="company">
		<![CDATA[
			select * from company where id = #{id};
		]]>
	</select>

</mapper>
