<?xml version="1.0" encoding="UTF-8"?>
<!DOCTYPE mapper PUBLIC "-//mybatis.org//DTD mapper 3.0//EN"
	"http://mybatis.org/dtd/mybatis-3-mapper.dtd">

<mapper namespace="mapper.bid">


	<!-- 입찰 -->
	<insert id="insertBid" parameterType="bid" useGeneratedKeys="true" keyProperty="bidNum">
	
	
		insert into bid(buyerId,buyPersonId,auctionNum,sellerId,bidDate,bidPrice,bidState,memType)
		values(#{buyerId},#{buyPersonId},#{auctionNum},#{sellerId},#{bidDate},#{bidPrice},#{bidState},#{memType})
	
	
	</insert>

	<!--더보기 페이징 게산 위함 -->
	<!-- 날짜 필터가 있을 경우 동적 쿼리 실행됨 -->
	<select id="selectBuyBidCnt" parameterType="Map" resultType="Integer"> 
    	SELECT 
        	count(*)
    	FROM 
        	bid b 
    	INNER JOIN 
        	auction a ON b.auctionNum = a.auctionNum 
    	WHERE
    	<choose>
    		<when test="memType=='person'">b.buyPersonId = #{id}</when>
    		<otherwise>b.buyerId = #{id}</otherwise>
    	</choose>
    		AND b.bidState NOT IN (2, 3)
            <if test="pastDate != null and nowDate != null">
                  AND STR_TO_DATE(b.bidDate, '%Y-%m-%d') BETWEEN #{pastDate} AND #{nowDate}
            </if>
	</select>
	
 
	 <!-- Bid와 Auction,Person 조인 결과를 조회하는 쿼리-->
	 <!-- 입찰 리스트이므로 bidState 낙찰인 경우(2,3)는제외 -->
	 <!-- 입찰일을 최신으로 정렬함 -->
	 <!-- 기간조회 값이 있을 경우에만 BETWEEN 조건을 추가 -->
	 <select id="selectBuyBidList" parameterType="Map" resultType="Map">
        <![CDATA[
        SELECT 
  			b.*,
  			a.title,
            a.auctionNum, 
            a.maxSalary, 
            a.startDate, 
            a.endDate,
            a.bidMaxPrice,
            p.personImage 
        FROM 
            bid b 
        INNER JOIN 
            auction a ON b.auctionNum = a.auctionNum 
        INNER JOIN person p ON p.id = b.sellerId 
        WHERE
        ]]> 
    	<choose>
    		<when test="memType=='person'">b.buyPersonId = #{id}</when>
    		<otherwise>b.buyerId = #{id}</otherwise>
    	</choose>
        	AND b.bidState NOT IN (2, 3)
    	<if test="pastDate != null and nowDate != null">
             AND STR_TO_DATE(b.bidDate, '%Y-%m-%d') BETWEEN #{pastDate} AND #{nowDate}
            </if>
    	ORDER BY 
        	b.bidDate DESC
   		LIMIT #{row}, 6;
 
    	</select>
   	 
    
	<!--경매 등록과 동시에 경매가 시작되는거니까 startDate는 조건에 추가하지 않음  -->
	<!--  입찰 참여 디폴트는 1 실패,진행,낙찰 성공 외 모두 1 -->
	<!--  1(진행중): 마깜일이 오늘이라면 자정 전까지는 진행 중 ,시간 설정까지 해줘야 나마지 조건들도 당일 마감일을 체크 할 수 있기때문에 조건을 추가함 추가안하면 예외 발생 빼면 안됨)-->
	<!--  2(기간종료 낙찰)-->
	<!--  3(즉시 낙찰)-->
	<update id="updateBuyerBidState" parameterType="String">
		<![CDATA[
			UPDATE bid b
			INNER JOIN auction a ON b.auctionNum = a.auctionNum
			SET b.bidState = CASE 
				WHEN STR_TO_DATE(a.endDate, '%Y-%m-%d') < CURDATE() AND a.bidMaxPrice > b.bidPrice THEN 0 
            	WHEN STR_TO_DATE(a.endDate, '%Y-%m-%d') = CURDATE() AND NOW() < STR_TO_DATE(a.endDate, '%Y-%m-%d 23:59:59')  THEN 1  
            	WHEN STR_TO_DATE(a.endDate, '%Y-%m-%d') <= CURDATE() AND a.bidMaxPrice = b.bidPrice AND a.maxSalary > b.bidPrice THEN 2  
            	WHEN STR_TO_DATE(a.endDate, '%Y-%m-%d') >= CURDATE() AND a.maxSalary = b.bidPrice THEN 3  
			ELSE 1
			END
        	WHERE b.buyPersonId = #{id};
        ]]>
	</update>

	<!-- 한 경매에 참여한 모든 입찰자 조회 -->
	<select id="selectAllBuyer" parameterType="Integer"
		resultType="bid">
		SELECT * FROM bid WHERE auctionNum = #{auctionNum} ORDER BY bidDate DESC;
	</select>
	
	<!--myPage nowAuctiond 즉시구매 및 입찰금 변경 시작-->
	<!-- 1.bid update -->
	<update id="updateMyBid" parameterType="MAP">
		<![CDATA[
		UPDATE bid SET bidPrice = #{newBidPrice},bidState=3,bidDate=DATE_FORMAT(NOW(),'%Y-%m-%d')
		WHERE bidNum = #{bidNum}; 
		]]>
	</update>
	<!-- 2.Auction update -->
	<update id="updateAuctionStatus" parameterType="MAP">
		<![CDATA[
		UPDATE auction SET bidMaxPrice = #{newBidPrice},state='unprocessing'
		WHERE auctionNum = #{auctionNum}; 
		]]>
	</update>
	<!-- 3.Transaction insert -->
	<insert id="insertNewTransaction" parameterType="transaction">
		INSERT INTO `transaction`
		(sellerId, auctionNum, bidNum, buyerId, date, price, state, memType)
		VALUES
		(#{sellerId},#{auctionNum},#{bidNum},#{buyerId},DATE_FORMAT(NOW(),'%Y-%m-%d'),#{price},#{state},#{memType})
	</insert>
	<!--myPage nowAuctiond 즉시구매 종료-->
	
	<update id="updateMyBidprice" parameterType="MAP">
		<![CDATA[
		UPDATE bid SET bidPrice = #{newBidPrice},bidDate=DATE_FORMAT(NOW(),'%Y-%m-%d')
		WHERE bidNum = #{bidNum}; 
		]]>
	</update>
	
	<!-- 2.Auction update -->
	<update id="updateAuctionMaxPrice" parameterType="MAP">
		<![CDATA[
		UPDATE auction SET bidMaxPrice = #{newBidPrice} 
		WHERE auctionNum = #{auctionNum}; 
		]]>
	</update>
	

</mapper>