<?xml version="1.0" encoding="UTF-8"?>
<!DOCTYPE mapper PUBLIC "-//mybatis.org//DTD Mapper 3.0//EN" "http://mybatis.org/dtd/mybatis-3-mapper.dtd">

<mapper namespace="mapper.PersonMapper">

	<!-- 회원가입을 위한 INSERT 쿼리 -->
	<insert id="signUpPerson" parameterType="person">
		INSERT INTO Person (id,
		nickName, email, password, address, sex, age,
		personImage, status)
		VALUES (#{id}, #{nickName}, #{email}, #{password}, #{address}, #{sex},
		#{age}, #{personImage}, #{status});
	</insert>

	<!-- ID 중복 확인 쿼리 -->
	<select id="isIdExists" parameterType="String"
		resultType="Integer">
		SELECT COUNT(*) FROM person WHERE id = #{id}
	</select>

	<!-- 로그인 시 사용자 확인을 위한 SELECT 쿼리 -->
	<select id="findPersonByIdAndPassword" parameterType="map"
		resultType="Person">
		SELECT * FROM Person
		WHERE id = #{id} AND password = #{password}
	</select>
	
	
	<!-- 이메일로 회원 여러개 조회 -->
	<select id="findPersonListByEmail" parameterType="String" resultType="person">
		select id,nickname,email from person
		where email=#{email}
	</select>
	
	<!-- 아이디와 이메일로 회원 비밀번호 조회 -->
	<select id="findPasswordByIdAndEmail" parameterType="map" resultType="String">
		select password from person
		where id=#{id} and email=#{email}
	</select>
	
	<!-- @@@@@@@@@@@@@@@@@@@@@@@@@@@@@@@@@@ -->
	<!-- 상세보기 조회화면에서 개인정보 조회 -->
	<select id="selectOnePerson" parameterType="String" resultType="person">
		<![CDATA[
			select * from person where id = #{id};
		]]>
	</select>
	
	
	

</mapper>
