<?xml version="1.0" encoding="UTF-8"?>
<!DOCTYPE mapper PUBLIC "-//mybatis.org//DTD mapper 3.0//EN"
	"http://mybatis.org/dtd/mybatis-3-mapper.dtd">

<mapper namespace="mapper.auction">

	<insert id="insertAuction" parameterType="dto.Auction">
		INSERT INTO auction
		(title, minSalary, maxSalary, occupation, period,
		education,
		employmentType, stack, certification, location, portfolio, startDate,
		endDate, state, startPrice, bidMaxPrice,id)
		VALUES
		(#{title},
		#{minSalary}, #{maxSalary}, #{occupation},
		#{period}, #{education},
		#{employmentType}, #{stack},
		#{certification}, #{location},
		#{portfolio}, #{startDate}, #{endDate}, #{state},
		#{startPrice},
		#{bidMaxPrice},#{id});
	</insert>

	<!-- 경매 상태 업데이트 -->
    <update id="updateAuctionStatusToSuccess" parameterType="map">
        UPDATE auction
        SET state = 'unprocessing'
        WHERE endDate <![CDATA[<=]]> #{currentDate}
        AND state = 'processing';
    </update>

	
	<!-- bid 상태 업데이트 -->
	<update id="updateBidStateToTwo" parameterType="map">
		UPDATE bid
		SET bidState = 2
		WHERE auctionNum IN (
		SELECT auctionNum FROM
		auction
		WHERE endDate <![CDATA[<=]]>
		#{currentDate}
		AND state = 'unprocessing'
		);
	</update>
	<!-- 0924추가@@@@@@@@@@@@@@@@@@@@@@@@@@@@@@@@@@@@@@@@@@@@@@@@@@@@@@@@@@@@@@ -->
<!-- 최고 입찰자 상태 업데이트 -->
<update id="updateWinningBidState" parameterType="int">
    UPDATE bid
    SET bidState = 2
    WHERE auctionNum = #{auctionNum}
    AND bidNum = (
        SELECT bidNum 
        FROM (SELECT bidNum FROM bid WHERE auctionNum = #{auctionNum} ORDER BY bidPrice DESC LIMIT 1) AS highestBid
    );
</update>

<!-- 낙찰에 실패한 입찰자 상태 업데이트 -->
<update id="updateLosingBiddersState" parameterType="int">
    UPDATE bid
    SET bidState = 0
    WHERE auctionNum = #{auctionNum}
    AND bidNum != (
        SELECT bidNum 
        FROM (SELECT bidNum FROM bid WHERE auctionNum = #{auctionNum} ORDER BY bidPrice DESC LIMIT 1) AS highestBid
    );
</update>

<select id="getFinishedAuctions" resultType="int" parameterType="string">
    SELECT auctionNum 
    FROM auction 
    WHERE endDate <![CDATA[<=]]> #{currentDate} 
    AND state = 'unprocessing';
</select>


<insert id="insertTransaction" parameterType="dto.Transaction">
    INSERT INTO transaction (sellerId, auctionNum, bidNum, buyerId, date, price, state, memType)
    VALUES (#{sellerId}, #{auctionNum}, #{bidNum}, #{buyerId}, NOW(), #{price}, 'i', #{memType});
</insert>

<select id="getWinningBids" parameterType="Integer" resultType="dto.Bid">
    SELECT * FROM bid WHERE auctionNum = #{auctionNum} AND bidState = 2;
</select>

 <!-- 트랜잭션 중복 확인을 위한 SQL -->
    <select id="checkIfTransactionExists" parameterType="map" resultType="int">
        SELECT COUNT(*)
        FROM transaction
        WHERE auctionNum = #{auctionNum}
    </select>
	<!-- @@@@@@@@@@@@@@@@@@@@@@@@@@@@@@@@@@@@@@@@@@@@@@@@@@@@@@@@@@@@@@ -->


	<select id="getFilteredAuctionsWithPersonInfo"
		parameterType="map" resultType="dto.AuctionAndPerson">
		SELECT
		a.auctionNum,
		a.id,
		a.title,
		a.startDate,
		a.endDate,
		a.state,
		a.startPrice,
		a.minSalary,
		a.maxSalary,
		a.bidMaxPrice,
		a.Occupation,
		a.period,
		a.education,
		a.employmentType,
		a.stack,
		a.Certification,
		a.location,
		a.portfolio,
		p.nickName,
		p.email,
		p.password,
		p.address,
		p.sex,
		p.age,
		p.personImage,
		p.status
		FROM
		auction a
		JOIN
		person p ON a.id = p.id
		WHERE 1=1

		<!-- location 필터 -->
		<if test="location != null and location.length > 0">
			AND a.location IN
			<foreach item="location" collection="location" open="("
				separator="," close=")">
				#{location}
			</foreach>
		</if>

		<!-- stack 필터 -->
		<if test="stack != null and stack.length > 0">
			AND a.stack IN
			<foreach item="stack" collection="stack" open="("
				separator="," close=")">
				#{stack}
			</foreach>
		</if>

		<!-- occupation 필터 -->
		<if test="Occupation != null and Occupation.length > 0">
			AND a.occupation IN
			<foreach item="Occupation" collection="Occupation" open="("
				separator="," close=")">
				#{Occupation}
			</foreach>
		</if>

		<!-- period 필터 -->
		<if test="period != null and period.length > 0">
			AND a.period IN
			<foreach item="period" collection="period" open="("
				separator="," close=")">
				#{period}
			</foreach>
		</if>

		<!-- education 필터 -->
		<if test="education != null and education.length > 0">
			AND a.education IN
			<foreach item="education" collection="education" open="("
				separator="," close=")">
				#{education}
			</foreach>
		</if>

		<!-- certification 필터 -->
		<if test="Certification != null and Certification.length > 0">
			AND a.certification IN
			<foreach item="Certification" collection="Certification"
				open="(" separator="," close=")">
				#{Certification}
			</foreach>
		</if>

		<!-- employmentType 필터 -->
		<if test="employmentType != null and employmentType.length > 0">
			AND a.employmentType IN
			<foreach item="employmentType" collection="employmentType"
				open="(" separator="," close=")">
				#{employmentType}
			</foreach>
		</if>

		ORDER BY
		a.auctionNum
		LIMIT #{offset}, #{pageSize}
	</select>




	<update id="updateAuctionSuccess" parameterType="auction">

		update auction
		set
		bidMaxPrice=#{bidMaxPrice},
		state=#{state},
		endDate=#{endDate}
		where
		auctionNum=#{auctionNum}

	</update>




	<select id="findAuctionById" parameterType="int"
		resultType="auctionandperson">
		select a.*,
		p.nickname,p.email,p.address,p.sex,p.age,p.personimage,p.status
		from
		auction as a inner join person as p on a.id = p.id
		where
		auctionNum=#{auctionNum}
	</select>

	<resultMap id="auctionPersonMap" type="map">
		<result column="auctionNum" property="auctionNum" />
		<result column="title" property="title" />
		<result column="minSalary" property="minSalary" />
		<result column="maxSalary" property="maxSalary" />
		<result column="personImage" property="personImage" />
		<result column="nickName" property="nickName" />
		<!-- 필요한 추가 컬럼 매핑 -->
	</resultMap>



	<!--경매등록식별자로 경매등록내용 조회 -->
	<select id="selectOneAuction" parameterType="Integer"
		resultType="auction">
	<![CDATA[
		SELECT * FROM auction WHERE auctionNum = #{auctionNum};
	]]>
	</select>


	<!-- offset limit 이용 경매 리스트 조회 -->

	<select id="findAllAuctionWithOffset"
		parameterType="dto.MapperSearchCondition"
		resultType="dto.AuctionAndPerson">
		select a.*,
		p.nickname,p.email,p.address,p.sex,p.age,p.personimage,p.status
		from
		auction as a inner join person as p on a.id = p.id

		<where>
			<if test="occupation != null and occupation != ''">
				and occupation like #{occupation}
			</if>
			<if test="period != null and period != ''">
				and period like #{period}
			</if>
			<if test="education != null and education != ''">
				and education like #{education}
			</if>
			<if test="employmentType != null and employmentType != ''">
				and employmentType like #{employmentType}
			</if>
			<if test="stack != null and stack != ''">
				and stack like #{stack}
			</if>
			<if test="certification != null and certification != ''">
				and certification like #{certification}
			</if>
			<if test="location != null and location != ''">
				and location like #{location}
			</if>

			and a.state = 'processing'

		</where>
		order by a.auctionNum
		limit 9 offset #{offset}

	</select>


	<update id="updateAuction" parameterType="auction">

		update auction set
		bidMaxPrice=#{bidMaxPrice}
		where auctionNum=#{auctionNum}


	</update>




	<select id="selectPSAuctionList" parameterType="String"
		resultType="Map">

		<![CDATA[
			select a.* , p.*
				from auction a
				JOIN person p ON a.id = p.id
				WHERE a.id = #{sellerId} and a.state !='success'
		]]>

		<if test="filterDate != null and filterDate != ''">
			<![CDATA[
				and STR_TO_DATE(a.startDate, '%Y-%m-%d') between STR_TO_DATE(#{filterDate}, '%Y-%m-%d') and STR_TO_DATE(now(), '%Y-%m-%d')
			]]>
		</if>

		<if
			test="startDate != null and startDate !='' and endDate != null and endDate !=''">
			<![CDATA[
				and STR_TO_DATE(a.startDate, '%Y-%m-%d') between STR_TO_DATE(#{startDate}, '%Y-%m-%d') and STR_TO_DATE(#{endDate}, '%Y-%m-%d')
			]]>
		</if>
		<![CDATA[
			ORDER BY 
				case
					when a.state = 'processing' then 1
					when a.state = 'unprocessing' then 2
					ELSE 3
				END,
			a.endDate DESC
			limit #{limit} offset #{offset};
		]]>
	</select>


	<select id="countPSAuctionListBySellerId" parameterType="String"
		resultType="int">
		<![CDATA[
			select count(*) from auction where id=#{id} and state !='success'
		]]>
	</select>




	<select id="selectPSAuctionListByDate" parameterType="map"
		resultType="Map">

		<![CDATA[
			select a.* , p.*
				from auction a
				JOIN person p ON a.id = p.id
				WHERE a.id = #{sellerId} and a.state !='success'
				and STR_TO_DATE(a.startDate, '%Y-%m-%d') between STR_TO_DATE(#{filterDate}, '%Y-%m-%d') and STR_TO_DATE(now(), '%Y-%m-%d')
				ORDER BY 
					case
						when a.state = 'processing' then 1
						when a.state = 'unprocessing' then 2
						ELSE 3
					END,
				a.endDate DESC
				limit #{limit} offset #{offset};
		]]>
	</select>

	<select id="selectPSAuctionListByDateRange" parameterType="map"
		resultType="Map">
		<![CDATA[
			select a.*, p.*
				from auction a
				join person p
				on a.id = p.id
				where a.id=#{sellerId} and a.state !='success'
				and STR_TO_DATE(a.startDate, '%Y-%m-%d') between STR_TO_DATE(#{startDate}, '%Y-%m-%d') and STR_TO_DATE(#{endDate}, '%Y-%m-%d')
				ORDER BY 
					case
						when a.state = 'processing' then 1
						when a.state = 'unprocessing' then 2
						ELSE 3
					END,
			a.endDate DESC
			limit #{limit} offset #{offset};
		]]>
	</select>

</mapper>
